,anger,anticipation,disgust,fear,joy,love,optimism,pessimism,sadness,surprise,trust
anger,1.0,-0.743,0.971,-0.136,-0.199,-0.147,-0.579,-0.113,0.087,-0.178,-0.551
anticipation,-0.743,1.0,-0.747,-0.015,0.046,-0.084,0.379,-0.14,-0.374,0.401,0.544
disgust,0.971,-0.747,1.0,-0.081,-0.334,-0.185,-0.692,0.03,0.224,-0.142,-0.629
fear,-0.136,-0.015,-0.081,1.0,-0.202,-0.028,-0.066,0.24,0.087,0.027,-0.036
joy,-0.199,0.046,-0.334,-0.202,1.0,0.453,0.551,-0.506,-0.42,0.155,0.455
love,-0.147,-0.084,-0.185,-0.028,0.453,1.0,0.239,-0.173,-0.126,0.065,0.272
optimism,-0.579,0.379,-0.692,-0.066,0.551,0.239,1.0,-0.224,-0.321,-0.193,0.773
pessimism,-0.113,-0.14,0.03,0.24,-0.506,-0.173,-0.224,1.0,0.875,-0.169,-0.265
sadness,0.087,-0.374,0.224,0.087,-0.42,-0.126,-0.321,0.875,1.0,-0.21,-0.369
surprise,-0.178,0.401,-0.142,0.027,0.155,0.065,-0.193,-0.169,-0.21,1.0,0.056
trust,-0.551,0.544,-0.629,-0.036,0.455,0.272,0.773,-0.265,-0.369,0.056,1.0
