topic,Topic 0,Topic 1,Topic 2,Topic 3,Topic 4,Topic 5,Topic 6,Topic 7,Topic 8,Topic 9,Topic 10,Topic 11,Topic 12,Topic 13
Topic 0,1.0,0.536,0.727,0.616,0.557,0.802,0.572,0.558,0.596,0.538,0.654,0.586,0.469,0.576
Topic 1,0.536,1.0,0.408,0.469,0.494,0.698,0.485,0.661,0.391,0.551,0.683,0.393,0.509,0.418
Topic 2,0.727,0.408,1.0,0.659,0.55,0.744,0.542,0.504,0.529,0.399,0.564,0.617,0.45,0.415
Topic 3,0.616,0.469,0.659,1.0,0.454,0.683,0.429,0.587,0.359,0.356,0.545,0.518,0.572,0.374
Topic 4,0.557,0.494,0.55,0.454,1.0,0.7,0.773,0.515,0.715,0.458,0.71,0.511,0.381,0.381
Topic 5,0.802,0.698,0.744,0.683,0.7,1.0,0.732,0.624,0.628,0.569,0.744,0.689,0.463,0.471
Topic 6,0.572,0.485,0.542,0.429,0.773,0.732,1.0,0.575,0.78,0.518,0.641,0.542,0.391,0.355
Topic 7,0.558,0.661,0.504,0.587,0.515,0.624,0.575,1.0,0.439,0.681,0.716,0.393,0.714,0.513
Topic 8,0.596,0.391,0.529,0.359,0.715,0.628,0.78,0.439,1.0,0.464,0.546,0.488,0.342,0.331
Topic 9,0.538,0.551,0.399,0.356,0.458,0.569,0.518,0.681,0.464,1.0,0.575,0.34,0.491,0.545
Topic 10,0.654,0.683,0.564,0.545,0.71,0.744,0.641,0.716,0.546,0.575,1.0,0.512,0.534,0.462
Topic 11,0.586,0.393,0.617,0.518,0.511,0.689,0.542,0.393,0.488,0.34,0.512,1.0,0.32,0.277
Topic 12,0.469,0.509,0.45,0.572,0.381,0.463,0.391,0.714,0.342,0.491,0.534,0.32,1.0,0.36
Topic 13,0.576,0.418,0.415,0.374,0.381,0.471,0.355,0.513,0.331,0.545,0.462,0.277,0.36,1.0
